{
  "width": 330,
  "height": 259,
  "scale_m": 200.0,
  "lon0": 100.56020222339369,
  "lat0": 13.74308139840324,
  "min_lon": 100.3278772,
  "max_lon": 100.9386039,
  "min_lat": 13.4907286,
  "max_lat": 13.9551693,
  "cell_size_x_m": 200.0,
  "cell_size_y_m": 200.0
}